Year,Value
2014,5.1
2015,5.027122029512384
2016,2.775098594381077
2017,3.815791821490322
2018,2.766771232516845
