Year,Value
2014,36.13081918691323
2015,36.495276013308654
2016,37.22806761880432
2017,37.4495374125864
2018,34.21241004712392
