{"data":{"Year":[2024,2024],"Series":["DC_ODA_BDVL","DC_ODA_BDVDL"],"Value":[29249891.7199999988,29249891.7199999988]},"edges":[]}