{"data":{"Year":[2018,2019,2020,2021],"Value":[14.848767279,356.3626491088,601.0040849131,105.7989077005]},"edges":[]}