Year,Value
2018,14.848767279016856
2019,356.3626491087545
2020,601.0040849131195
2021,105.7989077004689
