Year,Value
2018,12.30594904147843
2019,10.826308868243524
2020,13.275288938588842
2021,14.980043668502663
2023,14.7
