Year,Value
2014,36.65662518834542
2015,40.37658878345459
2016,32.5914871233359
2017,32.5914871233359
2022,0.32
2023,0.29
