{"Year":[2018,2019,2020,2021,2023],"Value":[12.3059490415,10.8263088682,13.2752889386,14.9800436685,14.7]}