{"data":{"Year":[2014,2015,2016,2017,2022,2023],"Value":[36.6566251883,40.3765887835,32.5914871233,32.5914871233,0.32,0.29]},"edges":[]}