{"data":{"Year":[2018,2019,2020,2021,2023],"Value":[12.305949,10.826309,13.275289,14.980044,14.7]},"edges":[]}