{"data":{"Year":[2014,2015,2016,2017,2018],"Value":[5.1,5.0271220295,2.7750985944,3.8157918215,2.7667712325]},"edges":[]}