{"Year":[2014,2015,2016,2017,2018],"Value":[36.1308191869,36.4952760133,37.2280676188,37.4495374126,34.2124100471]}